{"level1": {"score": 24.60007277768345, "count": 133}, "level2": {"score": 32.654204550097354, "count": 118}, "level3": {"score": 40.41653004256342, "count": 124}, "level4": {"score": 38.426721783293054, "count": 117}, "level5": {"score": 99.3664690438911, "count": 163}}