{"level1": {"score": 34.03193079239588, "valid_count": 196, "errors": 4, "total": 200}, "level2": {"score": 31.36499442918876, "valid_count": 195, "errors": 5, "total": 200}, "level3": {"score": 28.55119947348241, "valid_count": 188, "errors": 12, "total": 200}, "level4": {"score": 29.381397541037476, "valid_count": 193, "errors": 7, "total": 200}, "level5": {"score": 16.79204130979985, "valid_count": 175, "errors": 25, "total": 200}}