{"level1": {"score": 53.28843413594401, "count": 159}, "level2": {"score": 79.30358134929412, "count": 156}, "level3": {"score": 81.25649263995777, "count": 146}, "level4": {"score": 82.83930442169003, "count": 144}, "level5": {"score": 130.68118810181667, "count": 154}}