{"level1": {"score": 29.03198902581539, "valid_count": 185, "errors": 15, "total": 200}, "level2": {"score": 25.586870070897184, "valid_count": 185, "errors": 15, "total": 200}, "level3": {"score": 20.429632416989318, "valid_count": 180, "errors": 20, "total": 200}, "level4": {"score": 21.6911677651063, "valid_count": 171, "errors": 29, "total": 200}, "level5": {"score": 2.2832447185052667, "valid_count": 78, "errors": 122, "total": 200}}