{"level1": {"score": 10.326387094726828, "count": 233}, "level2": {"score": 8.92991085097325, "count": 196}, "level3": {"score": 8.041602268617142, "count": 199}, "level4": {"score": 6.698507091692508, "count": 191}, "level5": {"score": 8.146772752788053, "count": 234}}