{"level1": {"score": 39.478684246236796, "valid_count": 284, "errors": 4, "total": 288}, "level2": {"score": 38.52465855767511, "valid_count": 262, "errors": 1, "total": 263}, "level3": {"score": 40.56989530590448, "valid_count": 256, "errors": 2, "total": 258}, "level4": {"score": 41.07425918531001, "valid_count": 260, "errors": 4, "total": 264}, "level5": {"score": 47.2447895228656, "valid_count": 315, "errors": 4, "total": 319}}