{"level1": {"score": 36.919498717258136, "count": 200}, "level2": {"score": 58.2908839425202, "count": 200}, "level3": {"score": 73.83960809895966, "count": 200}, "level4": {"score": 67.95567695382468, "count": 200}, "level5": {"score": 137.30042542958478, "count": 200}}