{"level1": {"score": 39.916682861515156, "valid_count": 192, "errors": 8, "total": 200}, "level2": {"score": 35.82770904498801, "valid_count": 188, "errors": 12, "total": 200}, "level3": {"score": 32.366930642626464, "valid_count": 187, "errors": 13, "total": 200}, "level4": {"score": 32.27135551908731, "valid_count": 187, "errors": 13, "total": 200}, "level5": {"score": 14.218669746780053, "valid_count": 172, "errors": 28, "total": 200}}