{"level1": {"score": 44.59195170956674, "count": 150}, "level2": {"score": 61.84923449097412, "count": 143}, "level3": {"score": 71.28111806953412, "count": 136}, "level4": {"score": 72.98095530068366, "count": 146}, "level5": {"score": 132.3255916803589, "count": 162}}