{"level1": {"score": 30.037551001059853, "valid_count": 192, "errors": 8, "total": 200}, "level2": {"score": 24.787269580326882, "valid_count": 187, "errors": 13, "total": 200}, "level3": {"score": 19.60643263118426, "valid_count": 182, "errors": 18, "total": 200}, "level4": {"score": 21.035118137873418, "valid_count": 178, "errors": 22, "total": 200}, "level5": {"score": 5.204110806088584, "valid_count": 120, "errors": 80, "total": 200}}