{"level1": {"score": 50.89329553877869, "count": 160}, "level2": {"score": 66.84836435404561, "count": 150}, "level3": {"score": 77.04669123315037, "count": 143}, "level4": {"score": 81.43590993884504, "count": 151}, "level5": {"score": 135.4144619469738, "count": 159}}