{"level1": {"score": 29.01497832112237, "valid_count": 188, "errors": 12, "total": 200}, "level2": {"score": 26.255519760288333, "valid_count": 186, "errors": 14, "total": 200}, "level3": {"score": 20.682199121635506, "valid_count": 182, "errors": 18, "total": 200}, "level4": {"score": 22.132130469544133, "valid_count": 177, "errors": 23, "total": 200}, "level5": {"score": 2.6335848829611055, "valid_count": 93, "errors": 107, "total": 200}}