{"level1": {"score": 13.536944979668817, "count": 319}, "level2": {"score": 10.104773780622677, "count": 263}, "level3": {"score": 8.127966654109692, "count": 245}, "level4": {"score": 9.238204246017007, "count": 246}, "level5": {"score": 8.033025221368485, "count": 265}}