{"level1": {"score": 44.90063160940758, "valid_count": 324, "errors": 24, "total": 348}, "level2": {"score": 43.35636344240559, "valid_count": 285, "errors": 27, "total": 312}, "level3": {"score": 44.91645813021564, "valid_count": 287, "errors": 16, "total": 303}, "level4": {"score": 44.36898575779423, "valid_count": 283, "errors": 19, "total": 302}, "level5": {"score": 44.44224294297481, "valid_count": 297, "errors": 21, "total": 318}}