{"level1": {"score": 46.70257111328881, "count": 156}, "level2": {"score": 66.35054123599632, "count": 143}, "level3": {"score": 76.5961524876776, "count": 147}, "level4": {"score": 76.17130462953159, "count": 149}, "level5": {"score": 135.02040581603583, "count": 162}}