{"level1": {"score": 46.66802621845008, "count": 156}, "level2": {"score": 65.67955685581184, "count": 143}, "level3": {"score": 74.75613907136278, "count": 147}, "level4": {"score": 74.0663809779071, "count": 149}, "level5": {"score": 131.3961610851702, "count": 162}}