{"level1": {"score": 29.49876221998709, "valid_count": 189, "errors": 11, "total": 200}, "level2": {"score": 26.599850613749247, "valid_count": 189, "errors": 11, "total": 200}, "level3": {"score": 20.38439024203538, "valid_count": 184, "errors": 16, "total": 200}, "level4": {"score": 22.091343076024447, "valid_count": 177, "errors": 23, "total": 200}, "level5": {"score": 3.1419085964561257, "valid_count": 98, "errors": 102, "total": 200}}