{"level1": {"score": 20.857368513616127, "count": 169}, "level2": {"score": 32.587223710775476, "count": 161}, "level3": {"score": 34.93249204913931, "count": 164}, "level4": {"score": 34.51921681399028, "count": 160}, "level5": {"score": 72.82596043391831, "count": 169}}