{"level1": {"score": 37.883719473443755, "valid_count": 188, "errors": 12, "total": 200}, "level2": {"score": 39.26946369629301, "valid_count": 191, "errors": 9, "total": 200}, "level3": {"score": 38.95767662064727, "valid_count": 191, "errors": 9, "total": 200}, "level4": {"score": 38.45474784424624, "valid_count": 193, "errors": 7, "total": 200}, "level5": {"score": 27.322294636337666, "valid_count": 169, "errors": 31, "total": 200}}