{"level1": {"score": 90.95129312229794, "count": 316}, "level2": {"score": 128.86823011530177, "count": 297}, "level3": {"score": 147.73754393749107, "count": 293}, "level4": {"score": 152.62580700106224, "count": 306}, "level5": {"score": 263.29950369231176, "count": 325}}