{"level1": {"score": 58.78958410025594, "valid_count": 386, "errors": 14, "total": 400}, "level2": {"score": 54.481254007556934, "valid_count": 385, "errors": 15, "total": 400}, "level3": {"score": 42.5071187762162, "valid_count": 366, "errors": 34, "total": 400}, "level4": {"score": 47.899844590621406, "valid_count": 361, "errors": 39, "total": 400}, "level5": {"score": 7.32272322498839, "valid_count": 207, "errors": 193, "total": 400}}