{"level1": {"score": 32.74722638119181, "count": 200}, "level2": {"score": 55.02526879027332, "count": 200}, "level3": {"score": 67.77128084936147, "count": 200}, "level4": {"score": 66.06557901855123, "count": 200}, "level5": {"score": 128.73352001698697, "count": 200}}