{"level1": {"score": 38.31557477983877, "valid_count": 184, "errors": 16, "total": 200}, "level2": {"score": 36.620766894308304, "valid_count": 189, "errors": 11, "total": 200}, "level3": {"score": 33.04657460907235, "valid_count": 183, "errors": 17, "total": 200}, "level4": {"score": 31.70904226356231, "valid_count": 179, "errors": 21, "total": 200}, "level5": {"score": 15.409199431677964, "valid_count": 168, "errors": 32, "total": 200}}