{"level1": {"score": 31.999667705677012, "count": 185}, "level2": {"score": 46.799289689557504, "count": 167}, "level3": {"score": 58.6510881951265, "count": 164}, "level4": {"score": 57.02836378080219, "count": 170}, "level5": {"score": 108.24284671505482, "count": 170}}