{"level1": {"score": 40.29179644266449, "valid_count": 198, "errors": 2, "total": 200}, "level2": {"score": 36.26013574880425, "valid_count": 195, "errors": 5, "total": 200}, "level3": {"score": 33.0450922874444, "valid_count": 196, "errors": 4, "total": 200}, "level4": {"score": 32.994962650359376, "valid_count": 191, "errors": 9, "total": 200}, "level5": {"score": 17.185679734415732, "valid_count": 182, "errors": 18, "total": 200}}