{"level1": {"score": 35.631049649981385, "count": 186}, "level2": {"score": 51.15711798531455, "count": 175}, "level3": {"score": 66.59235959203411, "count": 172}, "level4": {"score": 63.01334974492942, "count": 175}, "level5": {"score": 114.43036463106252, "count": 169}}