{"level1": {"score": 40.6225486458039, "valid_count": 197, "errors": 3, "total": 200}, "level2": {"score": 36.43274572358485, "valid_count": 197, "errors": 3, "total": 200}, "level3": {"score": 30.358331654461967, "valid_count": 192, "errors": 8, "total": 200}, "level4": {"score": 31.75405546493617, "valid_count": 185, "errors": 15, "total": 200}, "level5": {"score": 13.302718328672407, "valid_count": 177, "errors": 23, "total": 200}}