{"level1": {"score": 49.726185546125905, "count": 164}, "level2": {"score": 66.93204058660216, "count": 156}, "level3": {"score": 74.1205872192477, "count": 150}, "level4": {"score": 72.38844112424133, "count": 145}, "level5": {"score": 128.05377148542482, "count": 157}}