{"level1": {"score": 28.72854841642369, "valid_count": 190, "errors": 10, "total": 200}, "level2": {"score": 26.64965920565431, "valid_count": 188, "errors": 12, "total": 200}, "level3": {"score": 22.38432547540172, "valid_count": 185, "errors": 15, "total": 200}, "level4": {"score": 21.74605969499608, "valid_count": 177, "errors": 23, "total": 200}, "level5": {"score": 3.9509147671414886, "valid_count": 115, "errors": 85, "total": 200}}