{"level1": {"score": 33.44537318718412, "count": 150}, "level2": {"score": 48.76314231428378, "count": 134}, "level3": {"score": 53.17985923705029, "count": 134}, "level4": {"score": 55.844046648380015, "count": 133}, "level5": {"score": 115.62931857678159, "count": 157}}