{"level1": {"score": 34.62147597464835, "valid_count": 198, "errors": 2, "total": 200}, "level2": {"score": 28.493175783343016, "valid_count": 194, "errors": 6, "total": 200}, "level3": {"score": 25.365081331461408, "valid_count": 196, "errors": 4, "total": 200}, "level4": {"score": 26.540718080936895, "valid_count": 194, "errors": 6, "total": 200}, "level5": {"score": 7.7248439935342255, "valid_count": 154, "errors": 46, "total": 200}}