{"level1": {"score": 25.203883194250984, "count": 161}, "level2": {"score": 30.82794217397556, "count": 138}, "level3": {"score": 46.36143207979862, "count": 132}, "level4": {"score": 40.012144625813285, "count": 141}, "level5": {"score": 65.89400011057558, "count": 133}}