{"level1": {"score": 32.911015482453166, "valid_count": 198, "errors": 2, "total": 200}, "level2": {"score": 28.24416060988892, "valid_count": 200, "errors": 0, "total": 200}, "level3": {"score": 31.744089394769375, "valid_count": 200, "errors": 0, "total": 200}, "level4": {"score": 26.120167684844656, "valid_count": 191, "errors": 9, "total": 200}, "level5": {"score": 13.168046570186444, "valid_count": 183, "errors": 17, "total": 200}}