{"level1": {"score": 4.123576536780231, "count": 200}, "level2": {"score": 17.506884461680958, "count": 200}, "level3": {"score": 17.8612996535066, "count": 200}, "level4": {"score": 19.710699623585437, "count": 200}, "level5": {"score": 45.148154907775655, "count": 200}}