{"level1": {"score": 13.3423491816378, "valid_count": 194, "errors": 6, "total": 200}, "level2": {"score": 15.069901597245522, "valid_count": 180, "errors": 20, "total": 200}, "level3": {"score": 16.34221724719939, "valid_count": 187, "errors": 13, "total": 200}, "level4": {"score": 14.747575597290588, "valid_count": 174, "errors": 26, "total": 200}, "level5": {"score": 16.74206310495797, "valid_count": 188, "errors": 12, "total": 200}}