{"level1": {"score": 27.091620567230954, "count": 177}, "level2": {"score": 41.24325334190598, "count": 164}, "level3": {"score": 53.632862183078196, "count": 170}, "level4": {"score": 46.47403272224344, "count": 160}, "level5": {"score": 94.44896893223898, "count": 157}}