{"level1": {"score": 37.88174841905079, "valid_count": 187, "errors": 13, "total": 200}, "level2": {"score": 35.03853083133884, "valid_count": 187, "errors": 13, "total": 200}, "level3": {"score": 34.513110723138524, "valid_count": 189, "errors": 11, "total": 200}, "level4": {"score": 32.82388455778036, "valid_count": 184, "errors": 16, "total": 200}, "level5": {"score": 18.55689868922106, "valid_count": 175, "errors": 25, "total": 200}}