{"level1": {"score": 54.413303644841974, "count": 164}, "level2": {"score": 73.49968843732783, "count": 151}, "level3": {"score": 80.06010702858931, "count": 147}, "level4": {"score": 86.06139222518729, "count": 158}, "level5": {"score": 135.9460326721958, "count": 158}}