{"level1": {"score": 30.247625791329188, "valid_count": 186, "errors": 14, "total": 200}, "level2": {"score": 24.89269764789967, "valid_count": 184, "errors": 16, "total": 200}, "level3": {"score": 22.59297291421314, "valid_count": 180, "errors": 20, "total": 200}, "level4": {"score": 23.95302993941777, "valid_count": 177, "errors": 23, "total": 200}, "level5": {"score": 2.6000759834302998, "valid_count": 89, "errors": 111, "total": 200}}