{"level1": {"score": 55.90124803639854, "count": 368}, "level2": {"score": 82.52714985623699, "count": 331}, "level3": {"score": 104.3003338643175, "count": 320}, "level4": {"score": 97.58991624506233, "count": 330}, "level5": {"score": 193.26472885764983, "count": 334}}