{"level1": {"score": 92.16923525784581, "count": 334}, "level2": {"score": 128.31545322818067, "count": 297}, "level3": {"score": 147.8042461441867, "count": 293}, "level4": {"score": 147.74413859223864, "count": 292}, "level5": {"score": 267.11246848303443, "count": 326}}