{"level1": {"score": 59.23346592397913, "valid_count": 386, "errors": 14, "total": 400}, "level2": {"score": 51.642713570123604, "valid_count": 386, "errors": 14, "total": 400}, "level3": {"score": 42.982641383971895, "valid_count": 375, "errors": 25, "total": 400}, "level4": {"score": 44.35403233287718, "valid_count": 362, "errors": 38, "total": 400}, "level5": {"score": 6.85717453010492, "valid_count": 193, "errors": 207, "total": 400}}