{"level1": {"score": 34.84502471310239, "count": 200}, "level2": {"score": 57.327463980754324, "count": 200}, "level3": {"score": 72.46504646112163, "count": 200}, "level4": {"score": 70.87728548615382, "count": 200}, "level5": {"score": 144.73131711890272, "count": 200}}