{"level1": {"score": 32.19788239664641, "valid_count": 198, "errors": 2, "total": 200}, "level2": {"score": 25.912521528412267, "valid_count": 198, "errors": 2, "total": 200}, "level3": {"score": 23.12273307992484, "valid_count": 193, "errors": 7, "total": 200}, "level4": {"score": 23.243902552871077, "valid_count": 189, "errors": 11, "total": 200}, "level5": {"score": 7.168626508248524, "valid_count": 145, "errors": 55, "total": 200}}