{"level1": {"score": 2.2988762251506722, "count": 200}, "level2": {"score": 1.2453744252787033, "count": 200}, "level3": {"score": 14.45717161930657, "count": 200}, "level4": {"score": 3.555329835803285, "count": 200}, "level5": {"score": 7.4278591117924595, "count": 200}}