{"level1": {"score": 10.58222751931009, "valid_count": 190, "errors": 10, "total": 200}, "level2": {"score": 9.86767133785929, "valid_count": 195, "errors": 5, "total": 200}, "level3": {"score": 16.597035981741264, "valid_count": 179, "errors": 21, "total": 200}, "level4": {"score": 10.872959202385895, "valid_count": 188, "errors": 12, "total": 200}, "level5": {"score": 10.415157873744864, "valid_count": 191, "errors": 9, "total": 200}}