{"level1": {"score": 29.65796907651745, "count": 146}, "level2": {"score": 43.2653988927343, "count": 136}, "level3": {"score": 55.50968230940149, "count": 137}, "level4": {"score": 57.978025875119855, "count": 147}, "level5": {"score": 113.99576403030821, "count": 163}}