{"level1": {"score": 33.512346927618474, "valid_count": 200, "errors": 0, "total": 200}, "level2": {"score": 29.68693506955794, "valid_count": 197, "errors": 3, "total": 200}, "level3": {"score": 25.63884750137197, "valid_count": 195, "errors": 5, "total": 200}, "level4": {"score": 26.852277719737973, "valid_count": 190, "errors": 10, "total": 200}, "level5": {"score": 9.756495385541928, "valid_count": 157, "errors": 43, "total": 200}}