{"level1": {"score": 53.10709408734115, "count": 165}, "level2": {"score": 73.44611421711852, "count": 154}, "level3": {"score": 80.5251335169514, "count": 149}, "level4": {"score": 81.77721459015132, "count": 156}, "level5": {"score": 132.52072037042473, "count": 156}}