{"level1": {"score": 30.791525839804464, "valid_count": 187, "errors": 13, "total": 200}, "level2": {"score": 24.836172667663032, "valid_count": 188, "errors": 12, "total": 200}, "level3": {"score": 22.608693987632996, "valid_count": 177, "errors": 23, "total": 200}, "level4": {"score": 24.618826922406846, "valid_count": 177, "errors": 23, "total": 200}, "level5": {"score": 2.702809782198967, "valid_count": 89, "errors": 111, "total": 200}}