{"level1": {"score": 76.12416387695859, "valid_count": 374, "errors": 26, "total": 400}, "level2": {"score": 69.39997033308852, "valid_count": 366, "errors": 34, "total": 400}, "level3": {"score": 67.78703893895272, "valid_count": 384, "errors": 16, "total": 400}, "level4": {"score": 67.44929904840554, "valid_count": 369, "errors": 31, "total": 400}, "level5": {"score": 35.49822958150004, "valid_count": 331, "errors": 69, "total": 400}}