{"level1": {"score": 15.08165635841819, "valid_count": 348, "errors": 0, "total": 348}, "level2": {"score": 14.407620937272617, "valid_count": 312, "errors": 0, "total": 312}, "level3": {"score": 14.254733247808183, "valid_count": 303, "errors": 0, "total": 303}, "level4": {"score": 14.25997482311591, "valid_count": 302, "errors": 0, "total": 302}, "level5": {"score": 14.83881227148941, "valid_count": 319, "errors": 0, "total": 319}}