{"level1": {"score": 38.31592106149703, "count": 160}, "level2": {"score": 50.5037914043657, "count": 136}, "level3": {"score": 61.41090009019403, "count": 138}, "level4": {"score": 63.53507582668585, "count": 146}, "level5": {"score": 121.23733687128092, "count": 166}}