{"level1": {"score": 30.950696176309037, "valid_count": 196, "errors": 4, "total": 200}, "level2": {"score": 27.492456758167965, "valid_count": 199, "errors": 1, "total": 200}, "level3": {"score": 21.928194568107713, "valid_count": 196, "errors": 4, "total": 200}, "level4": {"score": 24.513837271027302, "valid_count": 190, "errors": 10, "total": 200}, "level5": {"score": 8.550363661368058, "valid_count": 145, "errors": 55, "total": 200}}