{"level1": {"score": 38.69357610258097, "count": 160}, "level2": {"score": 53.627020180405815, "count": 156}, "level3": {"score": 63.87555284480902, "count": 155}, "level4": {"score": 65.11369054445173, "count": 156}, "level5": {"score": 118.01569545662012, "count": 162}}