{"level1": {"score": 39.555471588866475, "valid_count": 196, "errors": 4, "total": 200}, "level2": {"score": 33.50532988021511, "valid_count": 188, "errors": 12, "total": 200}, "level3": {"score": 29.79865982547228, "valid_count": 193, "errors": 7, "total": 200}, "level4": {"score": 30.142584477184883, "valid_count": 187, "errors": 13, "total": 200}, "level5": {"score": 9.615551347004015, "valid_count": 155, "errors": 45, "total": 200}}