{"level1": {"score": 44.12587552833263, "count": 160}, "level2": {"score": 61.28066380200118, "count": 142}, "level3": {"score": 66.52786390093296, "count": 139}, "level4": {"score": 71.14707168619582, "count": 145}, "level5": {"score": 130.04420852614703, "count": 163}}