{"level1": {"score": 30.973048002255894, "valid_count": 190, "errors": 10, "total": 200}, "level2": {"score": 27.503490518981575, "valid_count": 191, "errors": 9, "total": 200}, "level3": {"score": 21.60860754084991, "valid_count": 188, "errors": 12, "total": 200}, "level4": {"score": 21.881835058006452, "valid_count": 176, "errors": 24, "total": 200}, "level5": {"score": 5.307114446583459, "valid_count": 124, "errors": 76, "total": 200}}