{"level1": {"score": 26.04507356414376, "count": 149}, "level2": {"score": 47.96572489442893, "count": 155}, "level3": {"score": 54.70492566862891, "count": 143}, "level4": {"score": 58.07266758287849, "count": 156}, "level5": {"score": 105.17200424856907, "count": 159}}