{"level1": {"score": 34.875720053965054, "valid_count": 183, "errors": 17, "total": 200}, "level2": {"score": 31.921598979927207, "valid_count": 186, "errors": 14, "total": 200}, "level3": {"score": 28.953315817557797, "valid_count": 186, "errors": 14, "total": 200}, "level4": {"score": 26.814729095451366, "valid_count": 178, "errors": 22, "total": 200}, "level5": {"score": 12.121320690645542, "valid_count": 162, "errors": 38, "total": 200}}