{"level1": {"score": 54.51388621435726, "count": 366}, "level2": {"score": 83.50818370708004, "count": 330}, "level3": {"score": 107.16245209902962, "count": 332}, "level4": {"score": 94.45596715739875, "count": 325}, "level5": {"score": 189.68056419143613, "count": 329}}