{"level1": {"score": 76.69010929463246, "valid_count": 371, "errors": 29, "total": 400}, "level2": {"score": 72.0046551370864, "valid_count": 370, "errors": 30, "total": 400}, "level3": {"score": 67.05751992174942, "valid_count": 382, "errors": 18, "total": 400}, "level4": {"score": 66.35222157332865, "valid_count": 369, "errors": 31, "total": 400}, "level5": {"score": 35.4873285379551, "valid_count": 329, "errors": 71, "total": 400}}