{"level1": {"score": 47.353607246877196, "count": 155}, "level2": {"score": 65.47526401355894, "count": 146}, "level3": {"score": 74.04035165088987, "count": 141}, "level4": {"score": 76.58817145449413, "count": 150}, "level5": {"score": 131.8757595910353, "count": 159}}