{"level1": {"score": 28.0884188457682, "valid_count": 189, "errors": 11, "total": 200}, "level2": {"score": 26.425135340377135, "valid_count": 186, "errors": 14, "total": 200}, "level3": {"score": 21.849339931505895, "valid_count": 183, "errors": 17, "total": 200}, "level4": {"score": 23.432537823156512, "valid_count": 181, "errors": 19, "total": 200}, "level5": {"score": 3.548192188861857, "valid_count": 95, "errors": 105, "total": 200}}