{"level1": {"score": 51.67531714732925, "count": 169}, "level2": {"score": 69.79663137971903, "count": 153}, "level3": {"score": 77.7538671009917, "count": 148}, "level4": {"score": 78.2880392914442, "count": 150}, "level5": {"score": 132.46242407447951, "count": 158}}