{"level1": {"score": 29.98115518254967, "valid_count": 187, "errors": 13, "total": 200}, "level2": {"score": 27.86262221296859, "valid_count": 189, "errors": 11, "total": 200}, "level3": {"score": 22.289384049978814, "valid_count": 180, "errors": 20, "total": 200}, "level4": {"score": 24.41298988347191, "valid_count": 178, "errors": 22, "total": 200}, "level5": {"score": 2.9812080457055044, "valid_count": 96, "errors": 104, "total": 200}}