{"level1": {"score": 35.15462926883527, "count": 154}, "level2": {"score": 49.766322099831655, "count": 133}, "level3": {"score": 62.108241533915695, "count": 139}, "level4": {"score": 61.34300916854123, "count": 137}, "level5": {"score": 120.60789494501108, "count": 154}}