{"level1": {"score": 30.987705997387593, "valid_count": 193, "errors": 7, "total": 200}, "level2": {"score": 25.76539733191954, "valid_count": 191, "errors": 9, "total": 200}, "level3": {"score": 23.642566025907335, "valid_count": 189, "errors": 11, "total": 200}, "level4": {"score": 22.683183841633358, "valid_count": 182, "errors": 18, "total": 200}, "level5": {"score": 6.4075408221080545, "valid_count": 137, "errors": 63, "total": 200}}