{"level1": {"score": 41.55144424906508, "count": 148}, "level2": {"score": 56.43298307122977, "count": 133}, "level3": {"score": 67.07898600906158, "count": 138}, "level4": {"score": 67.21712690440675, "count": 142}, "level5": {"score": 123.75572244068354, "count": 157}}