{"level1": {"score": 29.091881339311247, "valid_count": 193, "errors": 7, "total": 200}, "level2": {"score": 23.937045689265997, "valid_count": 189, "errors": 11, "total": 200}, "level3": {"score": 22.519517893391054, "valid_count": 185, "errors": 15, "total": 200}, "level4": {"score": 22.018713316359886, "valid_count": 173, "errors": 27, "total": 200}, "level5": {"score": 5.305113004793715, "valid_count": 125, "errors": 75, "total": 200}}